Website,Category,Rank,Size,Business model,Login,Advertising,Safe,Unsafe,Primary,Secondary,Total,UnsafePrimary,UnsafeSecondary,UnsafeTotal,UnsafePrimaryNetChange,UnsafePrimaryAdd,UnsafePrimaryDrop,UnsafeSecondaryNetChange,UnsafeSecondaryAdd,UnsafeSecondaryDrop,UnsafeTotalNetChange,UnsafeTotalAdd,UnsafeTotalDrop,RespectDummy,Respect,AbuseObfuscate,AbuseDoNotObfuscate,ObfuscateLevel,TotalRespect,TotalDoNotObfuscate,TotalObfuscateLevel,AbuseDummy,ObfuscateDummy,Abuse,Obfuscate,SecondaryAbuseDummy,SecondaryObfuscateDummy,SecondaryAbuse,SecondaryObfuscate,TotalAbuseDummy,TotalObfuscateDummy,TotalAbuse,TotalObfuscate
Cnn.com,0,2,36044691,advertising,0,1,34,44,40,38,78,29,15,44,-2,0,2,-4,4,8,-6,4,10,1,2,0,0,0,10,4,0,0,0,0,2,0,1,4,12,0,0,0,14
Theguardian.com,0,4,30997730,"subscription, donation and advertising",1,1,20,27,15,32,47,12,15,27,2,3,1,-2,3,5,0,6,6,0,0,2,0,4,0,0,8,1,1,2,4,0,1,3,8,0,1,0,12
Shutterstock.com,0,6,9798436,subscription,1,0,20,41,16,45,61,14,27,41,0,0,0,-1,0,1,-1,0,1,1,0,0,0,0,1,0,0,0,0,0,0,0,0,0,1,0,0,0,1
Washingtonpost.com,0,8,31939942,subscription and advertising,1,1,26,48,28,46,74,22,26,48,-1,1,2,-19,0,19,-20,1,21,1,1,0,0,0,21,1,0,0,0,0,3,0,0,0,19,0,0,0,22
Forbes.com,0,10,33275162,subscription and advertising,1,1,28,48,10,66,76,8,40,48,0,0,0,-12,1,13,-12,1,13,1,0,0,0,0,13,1,0,0,0,0,0,0,1,1,14,0,0,0,14
Accuweather.com,0,12,11919015,subscription and advertising,1,1,63,72,34,101,135,24,48,72,-1,0,1,6,12,5,5,12,6,1,1,0,0,0,0,0,17,0,0,0,1,1,1,12,17,1,1,5,18
Cnbc.com,0,13,26801018,advertising,0,1,22,38,20,40,60,14,24,38,4,5,1,-8,3,11,-4,8,12,0,0,4,0,6,12,8,0,1,1,4,6,0,1,3,14,0,0,0,20
Usatoday.com,0,14,30504823,subscription and advertising,1,1,47,53,33,67,100,17,36,53,0,1,1,-8,4,12,-8,5,13,0,0,0,0,2,13,5,0,1,1,0,2,0,1,4,16,0,0,0,18
Bloomberg.com,0,15,18690094,subscription and advertising,1,1,2,1,1,2,3,0,1,1,9,8,0,19,21,1,28,29,1,0,0,0,9,8,0,0,22,1,0,9,8,1,1,21,22,1,1,28,30
Wsj.com,0,16,17850004,subscription and advertising,1,1,20,45,22,43,65,19,26,45,1,1,0,5,9,4,6,10,4,0,0,0,1,1,0,0,13,1,0,1,1,1,1,9,13,1,1,6,14
Chron.com,0,24,14488596,subscription and advertising,1,1,39,49,23,65,88,14,35,49,2,2,0,10,15,5,12,17,5,0,0,0,2,2,0,0,20,1,0,2,2,1,1,15,20,1,1,12,22
Thehill.com,0,26,16194530,advertising,0,1,22,42,23,41,64,16,26,42,0,1,1,-13,2,15,-13,3,16,0,0,0,0,2,16,3,0,1,1,0,2,0,1,2,17,0,0,0,19
Dw.com,0,29,1838309,advertising,0,1,11,23,12,22,34,9,14,23,0,0,0,1,11,10,1,11,10,1,0,0,0,0,0,0,21,0,0,0,0,1,1,11,21,1,1,1,21
Time.com,0,30,16383933,subscription and advertising,1,1,44,60,17,87,104,11,49,60,0,0,0,-7,8,15,-7,8,15,1,0,0,0,0,15,8,0,0,0,0,0,0,1,8,23,0,0,0,23
Theatlantic.com,0,31,14605079,subscription and advertising,1,1,9,25,10,24,34,9,16,25,0,0,0,2,3,1,2,3,1,1,0,0,0,0,0,0,4,0,0,0,0,1,1,3,4,1,1,2,4
Weather.gov,0,32,8919308,information,0,0,2,2,1,3,4,1,1,2,0,0,0,-1,0,1,-1,0,1,1,0,0,0,0,1,0,0,0,0,0,0,0,0,0,1,0,0,0,1
Thehindu.com,0,33,601452,subscription and advertising,1,1,20,23,20,24,44,17,6,23,-3,0,3,8,8,0,5,8,3,1,3,0,0,0,0,0,8,0,0,0,3,1,0,8,8,1,1,5,11
Thedailybeast.com,0,35,12389770,advertising,1,1,15,25,16,24,40,12,13,25,1,2,1,4,7,3,5,9,4,0,0,1,0,3,0,0,10,1,1,1,3,1,1,7,10,1,1,5,13
go.com,0,36,15352711,advertising and shopping,1,1,28,38,35,33,68,22,16,38,-4,0,3,-4,1,6,-8,1,9,1,4,0,0,0,9,1,0,0,0,0,3,0,1,1,7,0,0,0,10
Nationalgeographic.com,0,37,8660225,subscription,1,0,5,24,14,15,29,10,14,24,2,2,0,0,0,0,2,2,0,0,0,0,2,2,0,2,0,1,0,2,2,0,0,0,0,1,0,2,2
Latimes.com,0,40,13551608,subscription and advertising,1,1,38,46,24,62,86,20,26,46,1,3,1,16,24,9,17,27,10,0,0,1,0,4,0,0,33,1,1,1,4,1,1,24,33,1,1,17,37
Smh.com.au,0,45,1335253,subscription and advertising,1,1,8,17,15,10,25,11,6,17,2,2,0,1,1,0,3,3,0,0,0,0,2,2,0,3,1,1,0,2,2,1,0,1,1,1,0,3,3
Mathrubhumi.com,0,46,190998,subscription and advertising,1,1,19,32,15,36,51,11,21,32,-2,0,1,4,10,7,2,10,8,1,2,0,0,0,0,0,17,0,0,0,1,1,1,10,17,1,1,2,18
Economist.com,0,48,3890031,subscription and advertising,1,1,43,65,13,95,108,10,55,65,0,0,0,-18,0,18,-18,0,18,1,0,0,0,0,18,0,0,0,0,0,0,0,0,0,18,0,0,0,18
Chicagotribune.com,0,50,9011267,subscription and advertising,1,1,29,34,35,30,65,22,12,34,-1,1,2,12,12,2,11,13,4,1,1,0,0,0,0,0,14,0,0,0,3,1,1,12,14,1,1,11,17
Alarabiya.net,0,52,449743,sponsoring,0,0,8,16,9,15,24,7,9,16,0,0,0,-1,0,1,-1,0,1,1,0,0,0,0,1,0,0,0,0,0,0,0,0,0,1,0,0,0,1
Theconversation.com,0,54,3234799,sponsoring,1,0,0,5,4,1,5,4,1,5,0,0,0,0,0,0,0,0,0,1,0,0,0,0,0,0,0,0,0,0,0,0,0,0,0,0,1,0,0
Dailycaller.com,0,57,4143136,subscription and advertising,1,1,47,54,26,75,101,18,36,54,4,3,0,17,31,13,21,34,13,0,0,0,4,3,0,0,44,1,0,4,3,1,1,31,44,1,1,21,47
France24.com,0,59,1582156,subscription and advertising,1,1,17,35,11,41,52,9,26,35,1,2,1,-18,0,18,-17,2,19,0,0,1,0,3,19,2,0,1,1,1,3,0,0,0,18,0,0,0,21
Intellicast.com,0,61,2113681,information,1,0,15,17,10,22,32,8,9,17,2,2,0,14,16,2,16,18,2,0,0,0,2,2,0,0,18,1,0,2,2,1,1,16,18,1,1,16,20
Bankrate.com,0,63,7456209,information,1,0,11,27,12,26,38,9,18,27,0,0,0,0,0,0,0,0,0,1,0,0,0,0,0,0,0,0,0,0,0,0,0,0,0,0,1,0,0
Theroot.com,0,66,6344822,advertising,1,1,35,36,28,43,71,17,19,36,-1,0,1,-3,5,8,-4,5,9,1,1,0,0,0,9,5,0,0,0,0,1,0,1,5,13,0,0,0,14
Thestar.com,0,69,1416804,subscription and advertising,1,1,18,35,24,29,53,17,18,35,1,1,0,6,8,2,7,9,2,0,0,0,1,1,0,0,10,1,0,1,1,1,1,8,10,1,1,7,11
Thetimes.co.uk,0,73,928519,subscription and advertising,1,1,42,50,25,68,93,17,33,50,1,1,1,-4,8,11,-3,9,12,0,0,1,0,2,12,9,0,1,1,1,2,0,1,8,19,0,0,0,21
Adweek.com,0,74,3164450,subscription and advertising,1,1,46,61,30,77,107,27,34,61,-1,0,1,-10,2,12,-11,2,13,1,1,0,0,0,13,2,0,0,0,0,1,0,1,2,14,0,0,0,15
Theonion.com,0,75,4227851,advertising,1,1,22,33,25,30,55,15,18,33,1,2,1,-6,2,8,-5,4,9,0,0,1,0,3,9,4,0,1,1,1,3,0,1,2,10,0,0,0,13
Azcentral.com,0,76,4230302,subscription and advertising,1,1,31,42,30,43,73,14,28,42,-1,0,1,3,6,3,2,6,4,1,1,0,0,0,0,0,9,0,0,0,1,1,1,6,9,1,1,2,10
Rd.com,0,77,3598430,subscription and advertising,1,1,35,42,37,40,77,22,20,42,2,2,0,-8,1,9,-6,3,9,0,0,0,2,2,9,3,0,1,0,2,2,0,1,1,10,0,0,0,12
Ajc.com,0,78,4763598,subscription and advertising,1,1,34,52,31,55,86,22,30,52,0,0,0,-8,2,10,-8,2,10,1,0,0,0,0,10,2,0,0,0,0,0,0,1,2,12,0,0,0,12
Voat.co,0,79,929785,advertising and donation,1,1,0,0,0,0,0,0,0,0,0,0,0,0,0,0,0,0,0,1,0,0,0,0,0,0,0,0,0,0,0,0,0,0,0,0,1,0,0
Telegraphindia.com,0,83,88448,advertising,1,1,38,46,15,70,85,11,35,46,-2,0,2,-14,3,17,-16,3,19,1,2,0,0,0,19,3,0,0,0,0,2,0,1,3,20,0,0,0,22
Fark.com,0,84,645959,subscription and advertising,1,1,48,54,17,85,102,12,42,54,-1,0,1,-5,7,10,-6,7,11,1,1,0,0,0,11,7,0,0,0,0,1,0,1,7,17,0,0,0,18
Foxbusiness.com,0,86,3760896,advertising,0,1,11,36,5,42,47,3,33,36,3,3,0,-3,6,9,0,9,9,0,0,0,3,3,0,0,15,1,0,3,3,0,1,6,15,0,1,0,18
Blastingnews.com,0,87,208944,subscription and advertising,1,1,2,8,8,2,10,6,2,8,0,0,0,-1,0,1,-1,0,1,1,0,0,0,0,1,0,0,0,0,0,0,0,0,0,1,0,0,0,1
Oregonlive.com,0,89,2944557,subscription and advertising,1,1,13,31,12,32,44,9,22,31,0,0,0,-2,2,4,-2,2,4,1,0,0,0,0,4,2,0,0,0,0,0,0,1,2,6,0,0,0,6
Metafilter.com,0,91,3169386,advertising,1,1,6,5,5,6,11,2,3,5,0,0,0,0,0,0,0,0,0,1,0,0,0,0,0,0,0,0,0,0,0,0,0,0,0,0,1,0,0
Mercurynews.com,0,92,3566411,subscription and advertising,1,1,25,44,20,49,69,13,31,44,2,2,0,-1,5,6,1,7,6,0,0,0,2,2,0,0,11,1,0,2,2,0,1,5,11,1,1,1,13
Dallasnews.com,0,94,3029830,subscription and advertising,1,1,51,63,22,92,114,14,49,63,0,0,0,-17,6,23,-17,6,23,1,0,0,0,0,23,6,0,0,0,0,0,0,1,6,29,0,0,0,29
Nationalpost.com,0,97,1107656,subscription and advertising,1,1,48,50,35,63,98,22,28,50,2,3,1,0,7,7,2,10,8,0,0,2,0,4,0,0,14,1,1,2,4,0,1,7,14,1,1,2,18
Freep.com,0,98,1107656,subscription and advertising,1,1,34,48,28,54,82,14,34,48,-1,0,1,0,8,8,-1,8,9,1,1,0,0,0,9,8,0,0,0,0,1,0,1,8,16,0,0,0,17
Philly.com,0,99,2987814,subscription and advertising,1,1,30,38,17,51,68,9,29,38,-1,0,1,0,4,4,-1,4,5,1,1,0,0,0,5,4,0,0,0,0,1,0,1,4,8,0,0,0,9
Denverpost.com,0,102,2890149,subscription and advertising,1,1,49,58,20,87,107,13,45,58,0,0,0,-19,3,22,-19,3,22,1,0,0,0,0,22,3,0,0,0,0,0,0,1,3,25,0,0,0,25
Ap.org,0,103,1911899,advertising,0,1,2,5,5,2,7,3,2,5,0,0,0,0,0,0,0,0,0,1,0,0,0,0,0,0,0,0,0,0,0,0,0,0,0,0,1,0,0
Deseretnews.com,0,104,2295213,subscription and advertising,1,1,28,42,24,46,70,17,25,42,1,1,0,2,10,8,3,11,8,0,0,0,1,1,0,0,18,1,0,1,1,1,1,10,18,1,1,3,19
Newspapers.com,0,105,1330231,subscription,1,0,3,13,10,6,16,7,6,13,1,1,0,0,0,0,1,1,0,0,0,0,1,1,0,1,0,1,0,1,1,0,0,0,0,1,0,1,1
Dnaindia.com,0,106,171770,advertising,0,1,23,25,19,29,48,14,11,25,2,2,0,3,8,5,5,10,5,0,0,0,2,2,0,0,13,1,0,2,2,1,1,8,13,1,1,5,15
Theweek.com,0,109,2354835,subscription and advertising,1,1,14,34,16,32,48,11,23,34,1,1,0,-1,5,6,0,6,6,0,0,0,1,1,0,0,11,1,0,1,1,0,1,5,11,0,1,0,12
Afr.com,0,117,247400,subscription and advertising,1,1,9,20,12,17,29,7,13,20,0,0,0,0,0,0,0,0,0,1,0,0,0,0,0,0,0,0,0,0,0,0,0,0,0,0,1,0,0
Snow-forecast.com,0,118,299957,advertising,1,1,17,25,13,29,42,11,14,25,-2,0,2,-6,5,11,-8,5,13,1,2,0,0,0,13,5,0,0,0,0,2,0,1,5,16,0,0,0,18
Newsday.com,0,119,1898183,subscription and advertising,1,1,31,32,12,51,63,6,26,32,-1,0,1,3,9,6,2,9,7,1,1,0,0,0,0,0,15,0,0,0,1,1,1,9,15,1,1,2,16
Jsonline.com,0,124,1525825,subscription and advertising,1,1,33,42,34,41,75,16,26,42,-2,0,2,1,9,8,-1,9,10,1,2,0,0,0,10,9,0,0,0,0,2,1,1,9,17,0,0,0,19
Commondreams.org,0,125,1949294,subscription and donation,1,0,4,8,7,5,12,5,3,8,0,0,0,0,0,0,0,0,0,1,0,0,0,0,0,0,0,0,0,0,0,0,0,0,0,0,1,0,0
Alternet.org,0,126,814681,advertising,0,1,65,61,20,106,126,12,49,61,1,2,1,-7,8,15,-6,10,16,0,0,1,0,3,16,10,0,1,1,1,3,0,1,8,23,0,0,0,26
Sacbee.com,0,128,1767156,subscription and advertising,1,1,50,51,26,77,103,14,37,51,2,1,0,2,9,6,4,10,6,0,0,0,2,1,0,0,15,1,0,2,1,1,1,9,15,1,1,4,16
Foreca.com,0,129,62811,advertising,0,1,6,8,6,8,14,4,4,8,0,0,0,6,6,0,6,6,0,1,0,0,0,0,0,6,6,0,0,0,0,1,0,6,6,1,0,6,6
Beforeitsnews.com,0,131,380686,donation and advertising,1,1,64,40,68,40,108,21,19,40,-3,5,9,-10,0,9,-13,5,18,1,3,0,0,0,18,5,0,0,0,0,14,0,0,0,9,0,0,0,23
Baltimoresun.com,0,132,1787136,subscription and advertising,1,1,42,52,32,62,94,20,32,52,0,0,0,-14,4,18,-14,4,18,1,0,0,0,0,18,4,0,0,0,0,0,0,1,4,22,0,0,0,22
Heraldsun.com.au,0,133,96140,subscription and advertising,1,1,29,41,17,53,70,10,31,41,-2,0,3,-8,3,10,-10,3,13,1,2,0,0,0,13,3,0,0,0,0,3,0,1,3,13,0,0,0,16
Kansascity.com,0,134,1717196,subscription and advertising,1,1,34,55,21,68,89,14,41,55,0,0,0,1,8,7,1,8,7,1,0,0,0,0,0,0,15,0,0,0,0,1,1,8,15,1,1,1,15
Theepochtimes.com,0,136,1229722,"subscription, donation and advertising",1,1,20,36,10,46,56,7,29,36,0,0,0,-5,5,10,-5,5,10,1,0,0,0,0,10,5,0,0,0,0,0,0,1,5,15,0,0,0,15
Ocregister.com,0,137,1559626,subscription and advertising,1,1,45,49,24,70,94,15,34,49,0,1,1,-6,8,14,-6,9,15,0,0,0,0,2,15,9,0,1,1,0,2,0,1,8,22,0,0,0,24
Suntimes.com,0,138,2014084,subscription and advertising,1,1,49,44,23,70,93,13,31,44,1,1,0,-3,9,12,-2,10,12,0,0,0,1,1,12,10,0,1,0,1,1,0,1,9,21,0,0,0,22
Sandiegouniontribune.com,0,139,1543354,subscription and advertising,1,1,32,41,23,51,74,15,26,41,1,1,0,-5,7,12,-4,8,12,0,0,0,1,1,12,8,0,1,0,1,1,0,1,7,19,0,0,0,20
Fcc.gov,0,143,108958,information,0,0,2,5,4,3,7,2,3,5,0,0,0,0,0,0,0,0,0,1,0,0,0,0,0,0,0,0,0,0,0,0,0,0,0,0,1,0,0
Detroitnews.com,0,145,761466,subscription and advertising,1,1,40,49,27,62,89,13,36,49,-1,0,1,-11,4,15,-12,4,16,1,1,0,0,0,16,4,0,0,0,0,1,0,1,4,19,0,0,0,20
Thestranger.com,0,147,1238524,advertising,1,1,8,14,16,6,22,10,4,14,0,0,0,1,1,0,1,1,0,1,0,0,0,0,0,1,1,0,0,0,0,1,0,1,1,1,0,1,1
Onthesnow.com,0,149,1532084,advertising,1,1,40,37,14,63,77,8,29,37,-1,0,1,-17,4,21,-18,4,22,1,1,0,0,0,22,4,0,0,0,0,1,0,1,4,25,0,0,0,26
Deccanherald.com,0,150,99985,advertising,1,1,44,54,20,84,104,14,40,54,-2,0,1,-1,9,11,-3,9,12,1,2,0,0,0,12,9,0,0,0,0,1,0,1,9,20,0,0,0,21
Syracuse.com,0,151,1095058,subscription and advertising,1,1,17,38,14,41,55,11,27,38,-1,0,1,-2,8,10,-3,8,11,1,1,0,0,0,11,8,0,0,0,0,1,0,1,8,18,0,0,0,19
Bostonherald.com,0,154,1092539,subscription and advertising,1,1,28,30,18,40,58,11,19,30,0,0,0,-3,3,6,-3,3,6,1,0,0,0,0,6,3,0,0,0,0,0,0,1,3,9,0,0,0,9
Tennessean.com,0,156,178179,subscription and advertising,1,1,33,43,31,45,76,14,29,43,-1,0,1,7,10,3,6,10,4,1,1,0,0,0,0,0,13,0,0,0,1,1,1,10,13,1,1,6,14
Orlandosentinel.com,0,157,1535840,subscription and advertising,1,1,33,34,32,38,70,18,16,34,1,4,2,9,16,8,10,20,10,0,0,1,0,6,0,0,24,1,1,1,6,1,1,16,24,1,1,10,30
Triblive.com,0,159,1113954,advertising,0,1,42,40,18,64,82,11,29,40,-1,0,1,-9,3,12,-10,3,13,1,1,0,0,0,13,3,0,0,0,0,1,0,1,3,15,0,0,0,16
Thewest.com.au,0,163,105113,subscription and advertising,1,1,13,19,14,18,32,8,11,19,0,0,0,-1,3,4,-1,3,4,1,0,0,0,0,4,3,0,0,0,0,0,0,1,3,7,0,0,0,7
Parade.com,0,165,1028250,subscription and donation,1,0,36,44,19,61,80,12,32,44,0,0,0,-17,2,19,-17,2,19,1,0,0,0,0,19,2,0,0,0,0,0,0,1,2,21,0,0,0,21
Federalreserve.gov,0,167,720883,information,0,0,2,3,3,2,5,2,1,3,0,0,0,0,0,0,0,0,0,1,0,0,0,0,0,0,0,0,0,0,0,0,0,0,0,0,1,0,0
Star-telegram.com,0,173,1237267,subscription and advertising,1,1,45,51,19,78,97,12,39,51,0,0,0,4,9,5,4,9,5,1,0,0,0,0,0,0,14,0,0,0,0,1,1,9,14,1,1,4,14
Thedrum.com,0,174,1237267,subscription and advertising,1,1,8,28,14,22,36,12,16,28,0,0,0,-3,0,3,-3,0,3,1,0,0,0,0,3,0,0,0,0,0,0,0,0,0,3,0,0,0,3
Desmoinesregister.com,0,177,751324,subscription and advertising,1,1,42,46,28,60,88,13,33,46,-1,0,1,-8,4,12,-9,4,13,1,1,0,0,0,13,4,0,0,0,0,1,0,1,4,16,0,0,0,17
Twincities.com,0,178,870366,subscription and advertising,1,1,50,48,19,79,98,12,36,48,0,0,0,-6,8,14,-6,8,14,1,0,0,0,0,14,8,0,0,0,0,0,0,1,8,22,0,0,0,22
Rferl.org,0,179,458685,sponsoring,0,0,4,18,11,11,22,8,10,18,0,0,0,0,0,0,0,0,0,1,0,0,0,0,0,0,0,0,0,0,0,0,0,0,0,0,1,0,0
Csmonitor.com,0,182,718345,subscription and advertising,1,1,12,23,10,25,35,7,16,23,-1,0,1,1,1,0,0,1,1,1,1,0,0,0,0,0,1,0,0,0,1,1,0,1,1,0,1,0,2
Mysanantonio.com,0,187,678993,subscription and advertising,1,1,40,46,26,60,86,15,31,46,2,2,0,7,13,6,9,15,6,0,0,0,2,2,0,0,19,1,0,2,2,1,1,13,19,1,1,9,21
Timesunion.com,0,188,738643,subscription and advertising,1,1,32,41,13,60,73,10,31,41,-1,0,1,-5,6,11,-6,6,12,1,1,0,0,0,12,6,0,0,0,0,1,0,1,6,17,0,0,0,18
Buffalonews.com,0,189,738643,subscription and advertising,1,1,49,43,20,72,92,14,29,43,4,4,0,13,21,8,17,25,8,0,0,0,4,4,0,0,29,1,0,4,4,1,1,21,29,1,1,17,33
Stripes.com,0,195,672643,subscription and advertising,1,1,11,18,13,16,29,10,8,18,1,1,0,0,0,0,1,1,0,0,0,0,1,1,0,1,0,1,0,1,1,0,0,0,0,1,0,1,1
Weatheronline.co.uk,0,196,115368,advertising,1,1,3,9,10,2,12,8,1,9,0,0,0,-1,0,1,-1,0,1,1,0,0,0,0,1,0,0,0,0,0,0,0,0,0,1,0,0,0,1
Macleans.ca,0,198,225608,subscription and advertising,1,1,25,36,19,42,61,14,22,36,2,1,0,-1,5,5,1,6,5,0,0,0,2,1,0,0,10,1,0,2,1,0,1,5,10,1,1,1,11
Westword.com,0,202,907037,subscription and advertising,1,1,32,30,18,44,62,11,19,30,1,1,0,11,14,3,12,15,3,0,0,0,1,1,0,0,17,1,0,1,1,1,1,14,17,1,1,12,18
Dailypioneer.com,0,204,41019,advertising,0,1,7,8,5,15,20,3,5,8,0,0,0,5,6,1,5,6,1,1,0,0,0,0,0,0,7,0,0,0,0,1,1,6,7,1,1,5,7
Law.com,0,207,755127,subscription and advertising,1,1,21,29,15,35,50,9,20,29,0,0,0,-2,1,3,-2,1,3,1,0,0,0,0,3,1,0,0,0,0,0,0,1,1,4,0,0,0,4
Spokesman.com,0,212,657397,subscription and advertising,1,1,12,20,6,26,32,4,16,20,0,0,0,4,4,0,4,4,0,1,0,0,0,0,0,4,4,0,0,0,0,1,0,4,4,1,0,4,4
Truthdig.com,0,214,523762,subscription and advertising,1,1,9,22,16,15,31,11,11,22,-2,0,2,-2,2,4,-4,2,6,1,2,0,0,0,6,2,0,0,0,0,2,0,1,2,6,0,0,0,8
Rollcall.com,0,220,823544,advertising,0,1,22,36,14,44,58,10,26,36,0,0,0,-16,0,15,-16,0,15,1,0,0,0,0,15,0,0,0,0,0,0,0,0,0,15,0,0,0,15
Grandforksherald.com,0,222,275601,advertising,1,1,55,57,24,88,112,15,42,57,0,0,0,-1,8,9,-1,8,9,1,0,0,0,0,9,8,0,0,0,0,0,0,1,8,17,0,0,0,17
Collegemagazine.com,0,226,619260,advertising,0,1,52,43,18,77,95,10,33,43,3,3,0,20,28,8,23,31,8,0,0,0,3,3,0,0,36,1,0,3,3,1,1,28,36,1,1,23,39
Citypages.com,0,227,603997,advertising,0,1,68,76,21,123,144,16,60,76,-5,0,5,-24,3,27,-29,3,32,1,5,0,0,0,32,3,0,0,0,0,5,0,1,3,30,0,0,0,35
Thestate.com,0,228,633248,subscription and advertising,1,1,33,56,20,69,89,12,44,56,0,1,1,10,19,9,10,20,10,0,0,0,0,2,0,0,28,1,1,0,2,1,1,19,28,1,1,10,30
Mediamatters.org,0,229,462516,donation,0,0,5,6,8,3,11,5,1,6,0,0,0,0,0,0,0,0,0,1,0,0,0,0,0,0,0,0,0,0,0,0,0,0,0,0,1,0,0
Agoracosmopolitan.com,0,233,981563,advertising and donation,1,1,3,5,4,4,8,2,3,5,0,0,0,-1,0,1,-1,0,1,1,0,0,0,0,1,0,0,0,0,0,0,0,0,0,1,0,0,0,1
Thetimes-tribune.com,0,234,475284,subscription and advertising,1,1,63,55,25,93,118,15,40,55,1,1,0,1,9,8,2,10,8,0,0,0,1,1,0,0,17,1,0,1,1,1,1,9,17,1,1,2,18
Duluthnewstribune.com,0,238,303802,subscription and advertising,1,1,35,47,23,59,82,15,32,47,-1,0,1,21,26,5,20,26,6,1,1,0,0,0,0,0,31,0,0,0,1,1,1,26,31,1,1,20,32
Lucianne.com,0,239,103831,subscription and advertising,1,1,46,47,12,81,93,7,40,47,0,0,0,-2,12,13,-2,12,13,1,0,0,0,0,13,12,0,0,0,0,0,0,1,12,25,0,0,0,25
Goodnewsnetwork.org,0,240,287138,advertising,1,1,44,56,15,85,100,12,44,56,0,0,0,-14,6,20,-14,6,20,1,0,0,0,0,20,6,0,0,0,0,0,0,1,6,26,0,0,0,26
Project-syndicate.org,0,241,121777,subscription,1,0,7,17,17,7,24,13,4,17,0,0,0,0,0,0,0,0,0,1,0,0,0,0,0,0,0,0,0,0,0,0,0,0,0,0,1,0,0
Idahostatesman.com,0,243,84603,subscription and advertising,1,1,44,56,24,79,103,13,43,56,-2,0,1,-3,4,8,-5,4,9,1,2,0,0,0,9,4,0,0,0,0,1,0,1,4,12,0,0,0,13
Delawareonline.com,0,244,417791,subscription and advertising,1,1,34,47,28,53,81,13,34,47,1,1,0,-10,1,11,-9,2,11,0,0,0,1,1,11,2,0,1,0,1,1,0,1,1,12,0,0,0,13
Straight.com,0,247,133314,advertising,0,1,25,40,16,49,65,12,28,40,0,0,0,-11,5,16,-11,5,16,1,0,0,0,0,16,5,0,0,0,0,0,0,1,5,21,0,0,0,21
Theprovince.com,0,248,73066,subscription and advertising,1,1,45,65,32,78,110,21,44,65,2,2,0,-8,12,20,-6,14,20,0,0,0,2,2,20,14,0,1,0,2,2,0,1,12,32,0,0,0,34
Pilotonline.com,0,249,516112,subscription and advertising,1,1,41,65,34,72,106,21,44,65,-3,0,3,-27,4,31,-30,4,34,1,3,0,0,0,34,4,0,0,0,0,3,0,1,4,35,0,0,0,38
Kcchronicle.com,0,251,448466,subscription and advertising,1,1,20,25,17,29,46,10,15,25,3,3,0,1,4,3,4,7,3,0,0,0,3,3,0,0,7,1,0,3,3,1,1,4,7,1,1,4,10
Passageweather.com,0,252,448466,advertising,0,1,2,5,5,2,7,4,1,5,0,0,0,0,0,0,0,0,0,1,0,0,0,0,0,0,0,0,0,0,0,0,0,0,0,0,1,0,0
Eastbaytimes.com,0,255,449743,subscription and advertising,1,1,48,62,21,89,110,14,48,62,0,1,1,-21,4,25,-21,5,26,0,0,0,0,2,26,5,0,1,1,0,2,0,1,4,29,0,0,0,31
Opendemocracy.net,0,256,187152,donation,1,0,6,11,8,9,17,6,5,11,0,0,0,-1,0,1,-1,0,1,1,0,0,0,0,1,0,0,0,0,0,0,0,0,0,1,0,0,0,1
Wickedlocal.com,0,258,512286,subscription and advertising,1,1,21,37,15,43,58,11,26,37,1,1,0,5,12,7,6,13,7,0,0,0,1,1,0,0,19,1,0,1,1,1,1,12,19,1,1,6,20
Knoxnews.com,0,259,466347,subscription and advertising,1,1,41,46,30,57,87,15,31,46,-1,1,2,-2,6,8,-3,7,10,1,1,0,0,0,10,7,0,0,0,0,3,0,1,6,14,0,0,0,17
Thenewstribune.com,0,260,621804,subscription and advertising,1,1,44,57,27,76,103,16,41,57,-1,3,3,6,12,7,5,15,10,1,1,0,0,0,0,0,19,0,0,0,6,1,1,12,19,1,1,5,25
Phoenixnewtimes.com,0,261,540332,advertising,1,1,41,46,21,66,87,14,32,46,-1,1,2,-8,9,17,-9,10,19,1,1,0,0,0,19,10,0,0,0,0,3,0,1,9,26,0,0,0,29
Lohud.com,0,262,530136,subscription and advertising,1,1,28,37,29,36,65,12,25,37,2,3,1,1,5,4,3,8,5,0,0,2,0,4,0,0,9,1,1,2,4,1,1,5,9,1,1,3,13
Fresnobee.com,0,264,324312,subscription and advertising,1,1,68,77,25,121,146,14,63,77,-2,1,2,-4,14,19,-6,15,21,1,2,0,0,0,21,15,0,0,0,0,3,0,1,14,33,0,0,0,36
Gazette.com,0,265,375566,subscription and advertising,1,1,67,58,19,106,125,14,44,58,1,1,0,-1,8,9,0,9,9,0,0,0,1,1,0,0,17,1,0,1,1,0,1,8,17,0,1,0,18
Dallasobserver.com,0,269,518662,advertising,1,1,48,45,20,73,93,13,32,45,-1,0,2,-11,6,16,-12,6,18,1,1,0,0,0,18,6,0,0,0,0,2,0,1,6,22,0,0,0,24
Frontpagemag.com,0,273,239709,donation and advertising,0,1,15,24,15,24,39,10,14,24,0,1,1,-5,4,9,-5,5,10,0,0,0,0,2,10,5,0,1,1,0,2,0,1,4,13,0,0,0,15
Tallahassee.com,0,275,433132,subscription and advertising,1,1,43,55,29,69,98,15,40,55,-1,3,4,-18,2,20,-19,5,24,1,1,0,0,0,24,5,0,0,0,0,7,0,1,2,22,0,0,0,29
Sandiegoreader.com,0,277,369162,advertising,1,1,5,13,12,6,18,8,5,13,0,0,0,0,0,0,0,0,0,1,0,0,0,0,0,0,0,0,0,0,0,0,0,0,0,0,1,0,0
Journalnow.com,0,278,356354,subscription and advertising,1,1,45,53,19,79,98,12,41,53,1,1,0,20,26,6,21,27,6,0,0,0,1,1,0,0,32,1,0,1,1,1,1,26,32,1,1,21,33
Sunnyskyz.com,0,279,224326,advertising and donation,0,1,9,18,9,18,27,7,11,18,0,0,0,-2,1,3,-2,1,3,1,0,0,0,0,3,1,0,0,0,0,0,0,1,1,4,0,0,0,4
Providencejournal.com,0,280,392206,subscription and advertising,1,1,36,58,22,72,94,17,41,58,-2,1,3,-2,7,9,-4,8,12,1,2,0,0,0,12,8,0,0,0,0,4,0,1,7,16,0,0,0,20
Sanluisobispo.com,0,282,380686,subscription and advertising,1,1,39,55,23,71,94,14,41,55,1,2,1,6,11,5,7,13,6,0,0,1,0,3,0,0,16,1,1,1,3,1,1,11,16,1,1,7,19
Metrotimes.com,0,283,521212,subscription and advertising,1,1,22,28,13,37,50,9,19,28,0,0,0,-2,6,8,-2,6,8,1,0,0,0,0,8,6,0,0,0,0,0,0,1,6,14,0,0,0,14
Heraldnet.com,0,284,461240,subscription and advertising,1,1,73,65,22,116,138,14,51,65,-1,0,1,-35,4,39,-36,4,40,1,1,0,0,0,40,4,0,0,0,0,1,0,1,4,43,0,0,0,44
Citizensvoice.com,0,285,312775,subscription and advertising,1,1,70,63,27,106,133,18,45,63,0,0,0,-9,2,11,-9,2,11,1,0,0,0,0,11,2,0,0,0,0,0,0,1,2,13,0,0,0,13
Newsthump.com,0,286,312775,advertising,0,1,25,54,27,53,80,20,34,54,-1,1,1,3,11,9,2,12,10,1,1,0,0,0,0,0,20,0,0,0,2,1,1,11,20,1,1,2,22
Mediabistro.com,0,288,266628,subscription and advertising,1,1,7,16,12,11,23,9,7,16,-1,0,1,-2,0,2,-3,0,3,1,1,0,0,0,3,0,0,0,0,0,1,0,0,0,2,0,0,0,3
Cjr.org,0,289,402442,"subscription, donation and advertising",1,1,5,12,11,6,17,9,3,12,0,0,0,1,1,0,1,1,0,1,0,0,0,0,0,1,1,0,0,0,0,1,0,1,1,1,0,1,1
Pe.com,0,293,597635,subscription and advertising,1,1,30,41,23,48,71,14,27,41,-1,0,1,-12,0,12,-13,0,13,1,1,0,0,0,13,0,0,0,0,0,1,0,0,0,12,0,0,0,13
Columbiaspectator.com,0,295,242273,advertising and donation,0,1,8,14,14,8,22,10,4,14,0,0,0,4,4,0,4,4,0,1,0,0,0,0,0,4,4,0,0,0,0,1,0,4,4,1,0,4,4
Timesfreepress.com,0,296,299957,subscription and advertising,1,1,24,26,17,33,50,10,16,26,-1,0,1,1,3,2,0,3,3,1,1,0,0,0,0,0,5,0,0,0,1,1,1,3,5,0,1,0,6
People-press.org,0,299,361478,donation,1,0,3,16,15,4,19,13,3,16,-1,0,1,0,0,0,-1,0,1,1,1,0,0,0,1,0,0,0,0,0,1,0,0,0,0,0,0,0,1
Lasvegassun.com,0,300,467624,subscription and advertising,1,1,24,44,24,44,68,17,27,44,-1,1,2,-14,5,19,-15,6,21,1,1,0,0,0,21,6,0,0,0,0,3,0,1,5,24,0,0,0,27
Unionleader.com,0,305,219199,subscription and advertising,1,1,55,52,19,88,107,15,37,52,-1,0,1,2,9,7,1,9,8,1,1,0,0,0,0,0,16,0,0,0,1,1,1,9,16,1,1,1,17
News-gazette.com,0,307,271756,subscription and advertising,1,1,24,26,6,44,50,4,22,26,1,1,0,-1,7,8,0,8,8,0,0,0,1,1,0,0,15,1,0,1,1,0,1,7,15,0,1,0,16
Tveyes.com,0,308,98703,subscription,1,0,9,23,8,24,32,5,18,23,0,0,0,-5,0,5,-5,0,5,1,0,0,0,0,5,0,0,0,0,0,0,0,0,0,5,0,0,0,5
Ctpost.com,0,310,302520,subscription and advertising,1,1,47,51,15,83,98,11,40,51,1,1,0,1,8,7,2,9,7,0,0,0,1,1,0,0,15,1,0,1,1,1,1,8,15,1,1,2,16
Dailycamera.com,0,320,330722,advertising,0,1,56,61,25,92,117,17,44,61,0,0,0,-3,7,10,-3,7,10,1,0,0,0,0,10,7,0,0,0,0,0,0,1,7,17,0,0,0,17
Southbendtribune.com,0,321,205098,subscription and advertising,1,1,33,37,13,57,70,10,27,37,-1,0,1,-5,2,7,-6,2,8,1,1,0,0,0,8,2,0,0,0,0,1,0,1,2,9,0,0,0,10
Pantagraph.com,0,323,205098,subscription and advertising,1,1,52,55,31,76,107,20,35,55,0,0,0,-7,8,15,-7,8,15,1,0,0,0,0,15,8,0,0,0,0,0,0,1,8,23,0,0,0,23
Floridatoday.com,0,325,303802,subscription and advertising,1,1,38,40,29,49,78,14,26,40,4,4,0,10,15,5,14,19,5,0,0,0,4,4,0,0,20,1,0,4,4,1,1,15,20,1,1,14,24
Weatherforyou.com,0,326,237145,advertising,0,1,28,26,8,46,54,5,21,26,0,0,0,3,6,3,3,6,3,1,0,0,0,0,0,0,9,0,0,0,0,1,1,6,9,1,1,3,9
Desertsun.com,0,328,401162,subscription and advertising,1,1,26,36,25,37,62,12,24,36,0,0,0,3,5,2,3,5,2,1,0,0,0,0,0,0,7,0,0,0,0,1,1,5,7,1,1,3,7
Spiked-online.com,0,330,91012,donation and advertising,0,1,23,22,9,36,45,5,17,22,1,1,0,5,8,3,6,9,3,0,0,0,1,1,0,0,11,1,0,1,1,1,1,8,11,1,1,6,12
Calgarysun.com,0,331,51274,subscription and advertising,1,1,54,58,35,77,112,22,36,58,1,1,0,1,8,7,2,9,7,0,0,0,1,1,0,0,15,1,0,1,1,1,1,8,15,1,1,2,16
Qctimes.com,0,335,225608,subscription and advertising,1,1,47,58,30,75,105,19,39,58,1,1,0,-6,7,13,-5,8,13,0,0,0,1,1,13,8,0,1,0,1,1,0,1,7,20,0,0,0,21
Dailybreeze.com,0,336,230736,subscription and advertising,1,1,49,61,22,88,110,14,47,61,-1,1,2,-23,4,27,-24,5,29,1,1,0,0,0,29,5,0,0,0,0,3,0,1,4,31,0,0,0,34
Pnj.com,0,337,175616,subscription and advertising,1,1,33,41,25,49,74,12,29,41,2,3,1,0,8,8,2,11,9,0,0,2,0,4,0,0,16,1,1,2,4,0,1,8,16,1,1,2,20
Bellinghamherald.com,0,339,256373,subscription and advertising,1,1,42,55,25,72,97,13,42,55,0,0,0,-7,4,10,-7,4,10,1,0,0,0,0,10,4,0,0,0,0,0,0,1,4,14,0,0,0,14
Washingtonmonthly.com,0,340,251246,"subscription, donation and advertising",1,1,21,31,19,33,52,13,18,31,-1,0,1,-1,6,7,-2,6,8,1,1,0,0,0,8,6,0,0,0,0,1,0,1,6,13,0,0,0,14
Consortiumnews.com,0,341,103831,donation,0,0,2,4,4,2,6,2,2,4,0,0,0,0,0,0,0,0,0,1,0,0,0,0,0,0,0,0,0,0,0,0,0,0,0,0,1,0,0
Commercialappeal.com,0,345,242273,subscription and advertising,1,1,44,51,32,73,105,16,35,51,-4,0,4,-4,5,9,-8,5,13,1,4,0,0,0,13,5,0,0,0,0,4,0,1,5,14,0,0,0,18
Eagletribune.com,0,348,147414,subscription and advertising,1,1,28,42,24,47,71,13,29,42,1,1,0,-1,6,7,0,7,7,0,0,0,1,1,0,0,13,1,0,1,1,0,1,6,13,0,1,0,14
Bakersfield.com,0,349,149978,subscription and advertising,1,1,13,19,14,18,32,10,9,19,2,2,0,2,4,2,4,6,2,0,0,0,2,2,0,0,6,1,0,2,2,1,1,4,6,1,1,4,8
Sourcewatch.org,0,353,166642,donation,1,0,7,12,5,14,19,3,9,12,0,0,0,-5,1,6,-5,1,6,1,0,0,0,0,6,1,0,0,0,0,0,0,1,1,7,0,0,0,7
Dailyprogress.com,0,357,225608,subscription and advertising,1,1,30,44,20,55,75,16,28,44,0,0,0,8,10,2,8,10,2,1,0,0,0,0,0,0,12,0,0,0,0,1,1,10,12,1,1,8,12
Ibj.com,0,361,188434,subscription and advertising,1,1,2,11,9,4,13,7,4,11,0,0,0,1,1,0,1,1,0,1,0,0,0,0,0,1,1,0,0,0,0,1,0,1,1,1,0,1,1
Crainsnewyork.com,0,363,305084,subscription and advertising,1,1,6,20,15,11,26,12,8,20,1,1,0,-3,0,3,-2,1,3,0,0,0,1,1,3,1,0,1,0,1,1,0,0,0,3,0,0,0,4
Filmsforaction.org,0,366,76912,donation,1,0,1,3,2,2,4,1,2,3,0,0,0,0,0,0,0,0,0,1,0,0,0,0,0,0,0,0,0,0,0,0,0,0,0,0,1,0,0
Wcfcourier.com,0,367,171770,subscription and advertising,1,1,33,48,33,48,81,21,27,48,-1,1,2,0,10,10,-1,11,12,1,1,0,0,0,12,11,0,0,0,0,3,0,1,10,20,0,0,0,23
Dailypress.com,0,369,233299,subscription and advertising,1,1,36,44,32,48,80,19,25,44,2,1,1,6,18,10,8,19,11,0,0,2,0,2,0,0,28,1,1,2,2,1,1,18,28,1,1,8,30
News-press.com,0,370,266628,subscription and advertising,1,1,32,41,30,66,96,13,28,41,0,0,0,9,16,7,9,16,7,1,0,0,0,0,0,0,23,0,0,0,0,1,1,16,23,1,1,9,23
Greenvilleonline.com,0,371,232018,subscription and advertising,1,1,38,47,30,55,85,15,32,47,1,1,0,-5,5,10,-4,6,10,0,0,0,1,1,10,6,0,1,0,1,1,0,1,5,15,0,0,0,16
Theledger.com,0,372,226890,subscription and advertising,1,1,31,46,18,59,77,14,32,46,-1,0,1,-8,4,12,-9,4,13,1,1,0,0,0,13,4,0,0,0,0,1,0,1,4,16,0,0,0,17
Ydr.com,0,375,151260,subscription and advertising,1,1,27,36,27,36,63,13,23,36,2,2,0,3,9,6,5,11,6,0,0,0,2,2,0,0,15,1,0,2,2,1,1,9,15,1,1,5,17
Newstimes.com,0,378,155105,subscription and advertising,1,1,45,48,13,80,93,9,39,48,2,2,0,-6,6,12,-4,8,12,0,0,0,2,2,12,8,0,1,0,2,2,0,1,6,18,0,0,0,20
Wvgazettemail.com,0,381,242273,subscription and advertising,1,1,31,42,24,49,73,16,26,42,-2,0,2,-14,3,17,-16,3,19,1,2,0,0,0,19,3,0,0,0,0,2,0,1,3,20,0,0,0,22
Broadcastingcable.com,0,384,240991,subscription and advertising,1,1,45,43,16,72,88,12,31,43,-1,0,1,-2,5,7,-3,5,8,1,1,0,0,0,8,5,0,0,0,0,1,0,1,5,12,0,0,0,13
Pjstar.com,0,387,164079,subscription and advertising,1,1,27,53,18,62,80,14,39,53,2,2,0,2,11,9,4,13,9,0,0,0,2,2,0,0,20,1,0,2,2,1,1,11,20,1,1,4,22
Multichannel.com,0,395,266628,subscription and advertising,1,1,38,38,16,60,76,12,26,38,-1,0,1,-7,2,9,-8,2,10,1,1,0,0,0,10,2,0,0,0,0,1,0,1,2,11,0,0,0,12
Heraldmailmedia.com,0,396,233299,advertising,1,1,56,51,16,91,107,11,40,51,1,1,0,2,5,3,3,6,3,0,0,0,1,1,0,0,8,1,0,1,1,1,1,5,8,1,1,3,9
Washingtoncitypaper.com,0,398,252527,subscription and advertising,1,1,4,9,7,6,13,4,5,9,2,2,0,0,0,0,2,2,0,0,0,0,2,2,0,2,0,1,0,2,2,0,0,0,0,1,0,2,2
Napavalleyregister.com,0,400,153824,subscription and advertising,1,1,14,29,22,21,43,15,14,29,4,4,0,19,26,7,23,30,7,0,0,0,4,4,0,0,33,1,0,4,4,1,1,26,33,1,1,23,37
Postbulletin.com,0,401,158951,subscription and advertising,1,1,40,42,20,62,82,13,29,42,-2,0,2,-16,5,21,-18,5,23,1,2,0,0,0,23,5,0,0,0,0,2,0,1,5,26,0,0,0,28
Arktimes.com,0,404,188434,subscription and advertising,1,1,4,11,10,5,15,8,3,11,1,1,0,1,1,0,2,2,0,0,0,0,1,1,0,2,1,1,0,1,1,1,0,1,1,1,0,2,2
Journaltimes.com,0,406,162797,subscription and advertising,1,1,36,39,31,44,75,18,21,39,1,1,0,2,9,7,3,10,7,0,0,0,1,1,0,0,16,1,0,1,1,1,1,9,16,1,1,3,17
Theday.com,0,409,129468,subscription and advertising,1,1,57,65,24,99,123,15,50,65,1,1,0,-17,3,20,-16,4,20,0,0,0,1,1,20,4,0,1,0,1,1,0,1,3,23,0,0,0,24
Registerguard.com,0,410,151260,subscription and advertising,1,1,23,49,16,56,72,12,37,49,1,1,0,-10,4,14,-9,5,14,0,0,0,1,1,14,5,0,1,0,1,1,0,1,4,18,0,0,0,19
Naplesnews.com,0,412,202535,subscription and advertising,1,1,35,48,31,52,83,16,32,48,-3,0,3,-5,6,11,-8,6,14,1,3,0,0,0,14,6,0,0,0,0,3,0,1,6,17,0,0,0,20
Delcotimes.com,0,415,110240,subscription and advertising,1,1,35,41,20,56,76,14,27,41,-1,0,1,8,15,7,7,15,8,1,1,0,0,0,0,0,22,0,0,0,1,1,1,15,22,1,1,7,23
Qt.com.au,0,416,110240,subscription and advertising,1,1,17,27,28,16,44,19,8,27,-1,0,1,10,11,1,9,11,2,1,1,0,0,0,0,0,12,0,0,0,1,1,1,11,12,1,1,9,13
Newsminer.com,0,417,91012,subscription and advertising,1,1,16,14,16,14,30,11,3,14,1,1,0,6,6,0,7,7,0,0,0,0,1,1,0,7,6,1,0,1,1,1,0,6,6,1,0,7,7
Watertowndailytimes.com,0,418,80757,subscription and advertising,1,1,20,20,23,17,40,11,9,20,-1,0,1,-1,1,2,-2,1,3,1,1,0,0,0,3,1,0,0,0,0,1,0,1,1,3,0,0,0,4
Webmd.com,1,2,15246496,subscription and advertising,1,1,19,34,21,32,53,16,18,34,-1,0,1,-5,1,7,-6,1,8,1,1,0,0,0,8,1,0,0,0,0,1,0,1,1,8,0,0,0,9
Mayoclinic.org,1,3,10916190,information,1,0,2,11,5,8,13,3,8,11,0,0,0,0,0,0,0,0,0,1,0,0,0,0,0,0,0,0,0,0,0,0,0,0,0,0,1,0,0
Psychologytoday.com,1,4,8942276,advertising,1,1,18,18,7,29,36,6,12,18,0,0,0,-1,4,5,-1,4,5,1,0,0,0,0,5,4,0,0,0,0,0,0,1,4,9,0,0,0,9
Myfitnesspal.com,1,5,7908197,subscription,1,0,3,7,5,5,10,3,4,7,1,1,0,0,0,0,1,1,0,0,0,0,1,1,0,1,0,1,0,1,1,0,0,0,0,1,0,1,1
Cdc.gov,1,7,7259273,information,0,0,0,2,1,1,2,1,1,2,0,0,0,0,0,0,0,0,0,1,0,0,0,0,0,0,0,0,0,0,0,0,0,0,0,0,1,0,0
Kaiserpermanente.org,1,8,5867748,information,1,0,1,7,6,2,8,6,1,7,0,0,0,1,1,0,1,1,0,1,0,0,0,0,0,1,1,0,0,0,0,1,0,1,1,1,0,1,1
Medscape.com,1,9,4989246,information,1,0,7,29,16,20,36,12,17,29,0,0,0,-7,0,7,-7,0,7,1,0,0,0,0,7,0,0,0,0,0,0,0,0,0,7,0,0,0,7
Drugs.com,1,13,5916173,advertising,1,1,49,43,13,79,92,12,31,43,1,2,1,13,18,5,14,20,6,0,0,1,0,3,0,0,23,1,1,1,3,1,1,18,23,1,1,14,26
Bmj.com,1,14,1927243,subscription and advertising,1,1,10,15,14,19,33,11,4,15,0,0,0,0,0,0,0,0,0,1,0,0,0,0,0,0,0,0,0,0,0,0,0,0,0,0,1,0,0
Apa.org,1,16,2310364,subscription and donation,1,0,3,8,6,5,11,4,4,8,0,0,0,0,0,0,0,0,0,1,0,0,0,0,0,0,0,0,0,0,0,0,0,0,0,0,1,0,0
Menshealth.com,1,17,5136818,advertising,0,1,54,51,11,94,105,7,44,51,0,0,0,-1,9,10,-1,9,10,1,0,0,0,0,10,9,0,0,0,0,0,0,1,9,19,0,0,0,19
Kidshealth.org,1,20,1455020,information,0,0,1,5,4,2,6,3,2,5,0,0,0,0,0,0,0,0,0,1,0,0,0,0,0,0,0,0,0,0,0,0,0,0,0,0,1,0,0
Self.com,1,22,4040526,information,0,0,55,70,24,101,125,19,51,70,-3,0,3,-23,4,27,-26,4,30,1,3,0,0,0,30,4,0,0,0,0,3,0,1,4,31,0,0,0,34
Sdsu.edu,1,23,902221,information,0,0,3,11,8,6,14,7,4,11,0,0,0,0,0,0,0,0,0,1,0,0,0,0,0,0,0,0,0,0,0,0,0,0,0,0,1,0,0
Clevelandclinic.org,1,24,2620386,information,0,0,3,8,3,8,11,1,7,8,0,0,0,0,0,0,0,0,0,1,0,0,0,0,0,0,0,0,0,0,0,0,0,0,0,0,1,0,0
Health.com,1,26,3833667,subscription and advertising,1,1,38,57,17,78,95,11,46,57,-1,0,1,-10,2,12,-11,2,13,1,1,0,0,0,13,2,0,0,0,0,1,0,1,2,14,0,0,0,15
Rxlist.com,1,27,3764061,advertising,0,1,16,23,12,27,39,8,15,23,1,1,0,-7,1,8,-6,2,8,0,0,0,1,1,8,2,0,1,0,1,1,0,1,1,9,0,0,0,10
Weightwatchers.com,1,28,2738969,information,1,0,16,43,15,44,59,14,29,43,-2,0,2,1,3,2,-1,3,4,1,2,0,0,0,4,3,0,0,0,0,2,1,1,3,5,0,0,0,7
Nejm.org,1,31,1513714,subscription and advertising,1,1,6,14,10,10,20,6,8,14,0,0,0,0,0,0,0,0,0,1,0,0,0,0,0,0,0,0,0,0,0,0,0,0,0,0,1,0,0
Cancer.org,1,32,2248603,donation,0,0,23,35,18,40,58,13,22,35,1,1,0,3,4,1,4,5,1,0,0,0,1,1,0,0,5,1,0,1,1,1,1,4,5,1,1,4,6
Cancer.gov,1,35,1292593,information,0,0,2,8,6,4,10,4,4,8,0,0,0,0,0,0,0,0,0,1,0,0,0,0,0,0,0,0,0,0,0,0,0,0,0,0,1,0,0
Hopkinsmedicine.org,1,37,1898604,information,0,0,13,23,12,24,36,9,14,23,0,0,0,0,1,1,0,1,1,1,0,0,0,0,0,0,2,0,0,0,0,0,1,1,2,0,1,0,2
Heart.org,1,38,2823095,donation,0,0,3,12,9,6,15,6,6,12,0,0,0,0,0,0,0,0,0,1,0,0,0,0,0,0,0,0,0,0,0,0,0,0,0,0,1,0,0
Clinicaltrials.gov,1,39,1112423,information,0,0,1,1,1,1,2,0,1,1,0,0,0,0,0,0,0,0,0,1,0,0,0,0,0,0,0,0,0,0,0,0,0,0,0,0,1,0,0
Sharecare.com,1,44,1467303,information,1,0,12,20,13,19,32,8,12,20,0,0,0,-6,0,6,-6,0,6,1,0,0,0,0,6,0,0,0,0,0,0,0,0,0,6,0,0,0,6
Petmd.com,1,46,3002760,advertising,0,1,18,40,19,39,58,14,26,40,-1,0,1,-1,4,5,-2,4,6,1,1,0,0,0,6,4,0,0,0,0,1,0,1,4,9,0,0,0,10
Thelancet.com,1,47,569177,subscription and advertising,1,1,14,22,17,19,36,11,11,22,0,0,0,0,0,0,0,0,0,1,0,0,0,0,0,0,0,0,0,0,0,0,0,0,0,0,1,0,0
Goodrx.com,1,48,2322415,subscription,1,0,8,20,11,17,28,7,13,20,1,1,0,0,0,0,1,1,0,0,0,0,1,1,0,1,0,1,0,1,1,0,0,0,0,1,0,1,1
Sutterhealth.org,1,50,1323988,information,1,0,7,19,13,13,26,11,8,19,0,0,0,0,1,1,0,1,1,1,0,0,0,0,0,0,2,0,0,0,0,0,1,1,2,0,1,0,2
Sbmu.ac.ir,1,54,51622,information,0,0,0,0,0,0,0,0,0,0,0,0,0,0,0,0,0,0,0,1,0,0,0,0,0,0,0,0,0,0,0,0,0,0,0,0,1,0,0
Partners.org,1,59,859910,information,0,0,1,0,0,1,1,0,0,0,0,0,0,0,0,0,0,0,0,1,0,0,0,0,0,0,0,0,0,0,0,0,0,0,0,0,1,0,0
24hourfitness.com,1,61,1657032,information,1,0,9,18,10,17,27,7,11,18,0,0,0,-2,0,2,-2,0,2,1,0,0,0,0,2,0,0,0,0,0,0,0,0,0,2,0,0,0,2
Cochrane.org,1,62,249963,information,1,0,1,3,3,1,4,2,1,3,0,0,0,0,0,0,0,0,0,1,0,0,0,0,0,0,0,0,0,0,0,0,0,0,0,0,1,0,0
Netdoctor.co.uk,1,63,502837,advertising,0,1,5,6,5,6,11,2,4,6,0,0,0,0,0,0,0,0,0,1,0,0,0,0,0,0,0,0,0,0,0,0,0,0,0,0,1,0,0
Nuance.com,1,65,427224,information,1,0,23,45,11,57,68,7,38,45,0,0,0,2,2,0,2,2,0,1,0,0,0,0,0,2,2,0,0,0,0,1,0,2,2,1,0,2,2
Makeupalley.com,1,67,667453,advertising,1,1,21,16,8,29,37,5,11,16,0,1,1,3,4,1,3,5,2,0,0,0,0,2,0,0,5,1,1,0,2,1,1,4,5,1,1,3,7
Aaos.org,1,68,1005956,information,1,0,5,14,13,6,19,10,4,14,0,0,0,0,0,0,0,0,0,1,0,0,0,0,0,0,0,0,0,0,0,0,0,0,0,0,1,0,0
Ama-assn.org,1,69,885741,subscription,1,0,7,19,13,13,26,11,8,19,1,1,0,-1,0,1,0,1,1,0,0,0,1,1,0,0,1,1,0,1,1,0,0,0,1,0,1,0,2
Spine-health.com,1,71,1607892,advertising,0,1,11,8,12,7,19,4,4,8,1,1,0,2,2,0,3,3,0,0,0,0,1,1,0,3,2,1,0,1,1,1,0,2,2,1,0,3,3
Tonyrobbins.com,1,73,525500,subscription,1,0,18,42,27,33,60,19,23,42,-1,0,1,0,0,0,-1,0,1,1,1,0,0,0,1,0,0,0,0,0,1,0,0,0,0,0,0,0,1
Mckesson.com,1,74,413575,information,1,0,3,18,8,13,21,7,11,18,0,0,0,0,0,0,0,0,0,1,0,0,0,0,0,0,0,0,0,0,0,0,0,0,0,0,1,0,0
Mui.ac.ir,1,75,36679,information,0,0,0,0,0,0,0,0,0,0,0,0,0,0,0,0,0,0,0,1,0,0,0,0,0,0,0,0,0,0,0,0,0,0,0,0,1,0,0
Plymouth.ac.uk,1,76,256171,information,1,0,1,10,9,2,11,8,2,10,0,0,0,0,0,0,0,0,0,1,0,0,0,0,0,0,0,0,0,0,0,0,0,0,0,0,1,0,0
Mskcc.org,1,77,581437,donation,0,0,7,16,9,14,23,7,9,16,0,0,0,0,0,0,0,0,0,1,0,0,0,0,0,0,0,0,0,0,0,0,0,0,0,0,1,0,0
Uclahealth.org,1,78,721363,information,0,0,10,21,17,14,31,13,8,21,-1,0,1,-1,2,3,-2,2,4,1,1,0,0,0,4,2,0,0,0,0,1,0,1,2,5,0,0,0,6
Patient.info,1,80,2669554,advertising,1,1,1,7,6,2,8,5,2,7,2,2,0,0,0,0,2,2,0,0,0,0,2,2,0,2,0,1,0,2,2,0,0,0,0,1,0,2,2
Rsna.org,1,81,274416,donation,1,0,3,4,5,2,7,2,2,4,0,0,0,0,0,0,0,0,0,1,0,0,0,0,0,0,0,0,0,0,0,0,0,0,0,0,1,0,0
Upmc.com,1,82,831245,information,0,0,4,14,10,8,18,8,6,14,0,0,0,0,0,0,0,0,0,1,0,0,0,0,0,0,0,0,0,0,0,0,0,0,0,0,1,0,0
Hse.gov.uk,1,83,594166,information,0,0,3,11,10,4,14,8,3,11,0,0,0,0,0,0,0,0,0,1,0,0,0,0,0,0,0,0,0,0,0,0,0,0,0,0,1,0,0
Mentalhelp.net,1,84,345058,information,0,0,4,10,4,10,14,3,7,10,0,0,0,1,1,0,1,1,0,1,0,0,0,0,0,1,1,0,0,0,0,1,0,1,1,1,0,1,1
Rush.edu,1,85,573285,information,1,0,9,11,13,7,20,7,4,11,0,0,0,0,0,0,0,0,0,1,0,0,0,0,0,0,0,0,0,0,0,0,0,0,0,0,1,0,0
Bcm.edu,1,86,425209,information,0,0,6,7,8,5,13,4,3,7,0,0,0,-3,0,3,-3,0,3,1,0,0,0,0,3,0,0,0,0,0,0,0,0,0,3,0,0,0,3
Drweil.com,1,87,757539,subscription and advertising,1,1,22,26,16,32,48,13,13,26,0,0,0,4,7,3,4,7,3,1,0,0,0,0,0,0,10,0,0,0,0,1,1,7,10,1,1,4,10
Examine.com,1,88,698846,subscription,1,0,9,11,11,9,20,8,3,11,0,0,0,0,0,0,0,0,0,1,0,0,0,0,0,0,0,0,0,0,0,0,0,0,0,0,1,0,0
Jneurosci.org,1,90,292076,subscription and advertising,1,1,5,8,9,4,13,6,2,8,0,0,0,0,0,0,0,0,0,1,0,0,0,0,0,0,0,0,0,0,0,0,0,0,0,0,1,0,0
Greatclips.com,1,92,1389504,information,1,0,4,13,7,10,17,6,7,13,-1,0,1,0,0,0,-1,0,1,1,1,0,0,0,1,0,0,0,0,0,1,0,0,0,0,0,0,0,1
Fitnessmagazine.com,1,93,1345826,subscription and advertising,1,1,38,67,22,83,105,18,49,67,-4,0,4,-5,5,10,-9,5,14,1,4,0,0,0,14,5,0,0,0,0,4,0,1,5,15,0,0,0,19
Cancer.net,1,94,448304,information,0,0,6,9,5,10,15,3,6,9,0,0,0,0,0,0,0,0,0,1,0,0,0,0,0,0,0,0,0,0,0,0,0,0,0,0,1,0,0
Massageenvy.com,1,95,705672,information,1,0,9,32,8,33,41,6,26,32,0,0,0,1,1,0,1,1,0,1,0,0,0,0,0,1,1,0,0,0,0,1,0,1,1,1,0,1,1
Bournemouth.ac.uk,1,96,222297,information,0,0,7,14,9,12,21,7,7,14,0,0,0,0,0,0,0,0,0,1,0,0,0,0,0,0,0,0,0,0,0,0,0,0,0,0,1,0,0
Aad.org,1,97,904759,donation,1,0,2,6,6,2,8,4,2,6,0,0,0,0,0,0,0,0,0,1,0,0,0,0,0,0,0,0,0,0,0,0,0,0,0,0,1,0,0
Naturallycurly.com,1,99,618315,subscription and advertising,1,1,17,24,25,16,41,16,8,24,0,0,0,-3,0,3,-3,0,3,1,0,0,0,0,3,0,0,0,0,0,0,0,0,0,3,0,0,0,3
Alz.org,1,101,827151,donation,0,0,4,11,10,5,15,7,4,11,0,0,0,0,0,0,0,0,0,1,0,0,0,0,0,0,0,0,0,0,0,0,0,0,0,0,1,0,0
Acefitness.org,1,102,391247,subscription,1,0,9,19,15,13,28,9,10,19,0,0,0,0,0,0,0,0,0,1,0,0,0,0,0,0,0,0,0,0,0,0,0,0,0,0,1,0,0
Diabetes.org,1,104,591017,subscription and donation,1,0,23,35,20,38,58,9,26,35,0,0,0,-4,0,4,-4,0,4,1,0,0,0,0,4,0,0,0,0,0,0,0,0,0,4,0,0,0,4
Nyp.org,1,105,389889,information,0,0,8,14,10,12,22,6,8,14,0,0,0,0,0,0,0,0,0,1,0,0,0,0,0,0,0,0,0,0,0,0,0,0,0,0,1,0,0
Musc.edu,1,113,292076,information,0,0,1,2,2,1,3,1,1,2,0,0,0,0,0,0,0,0,0,1,0,0,0,0,0,0,0,0,0,0,0,0,0,0,0,0,1,0,0
Redcrossblood.org,1,116,934981,information,1,0,4,19,8,15,23,6,13,19,0,0,0,0,0,0,0,0,0,1,0,0,0,0,0,0,0,0,0,0,0,0,0,0,0,0,1,0,0
Goodtherapy.org,1,117,758041,information,1,0,5,13,15,3,18,11,2,13,0,0,0,0,0,0,0,0,0,1,0,0,0,0,0,0,0,0,0,0,0,0,0,0,0,0,1,0,0
Bounty.com,1,118,150793,advertising and shopping,1,1,48,54,13,89,102,11,43,54,0,0,0,8,17,9,8,17,9,1,0,0,0,0,0,0,26,0,0,0,0,1,1,17,26,1,1,8,26
Fairview.org,1,121,353209,information,1,0,2,7,7,2,9,6,1,7,0,0,0,0,0,0,0,0,0,1,0,0,0,0,0,0,0,0,0,0,0,0,0,0,0,0,1,0,0
Neurology.org,1,123,201057,subscription and advertising,1,1,7,10,11,6,17,6,4,10,0,0,0,0,0,0,0,0,0,1,0,0,0,0,0,0,0,0,0,0,0,0,0,0,0,0,1,0,0
Ada.org,1,124,597739,subscription,1,0,4,10,7,7,14,6,4,10,0,0,0,0,0,0,0,0,0,1,0,0,0,0,0,0,0,0,0,0,0,0,0,0,0,0,1,0,0
Nami.org,1,128,552908,donation,1,0,12,13,11,14,25,7,6,13,0,0,0,-5,0,5,-5,0,5,1,0,0,0,0,5,0,0,0,0,0,0,0,0,0,5,0,0,0,5
Adaa.org,1,129,442870,subscription and advertising,1,1,4,9,8,5,13,6,3,9,0,0,0,0,0,0,0,0,0,1,0,0,0,0,0,0,0,0,0,0,0,0,0,0,0,0,1,0,0
Healthyplace.com,1,130,725437,advertising,1,1,5,4,5,4,9,2,2,4,0,0,0,0,0,0,0,0,0,1,0,0,0,0,0,0,0,0,0,0,0,0,0,0,0,0,1,0,0
Epic.com,1,131,513512,information,0,0,2,3,2,3,5,1,2,3,0,0,0,0,0,0,0,0,0,1,0,0,0,0,0,0,0,0,0,0,0,0,0,0,0,0,1,0,0
Peacecorps.gov,1,133,414342,donation,0,0,4,7,6,5,11,4,3,7,0,0,0,0,0,0,0,0,0,1,0,0,0,0,0,0,0,0,0,0,0,0,0,0,0,0,1,0,0
Totalbeauty.com,1,134,481822,advertising,0,1,19,24,19,24,43,11,13,24,1,1,0,5,5,0,6,6,0,0,0,0,1,1,0,6,5,1,0,1,1,1,0,5,5,1,0,6,6
Kidney.org,1,135,385813,donation,0,0,7,7,11,3,14,5,2,7,-1,0,1,0,0,0,-1,0,1,1,1,0,0,0,1,0,0,0,0,0,1,0,0,0,0,0,0,0,1
Ashp.org,1,136,186114,information,1,0,9,19,8,28,36,7,12,19,-1,0,1,0,0,0,-1,0,1,1,1,0,0,0,1,0,0,0,0,0,1,0,0,0,0,0,0,0,1
Nasm.org,1,137,294794,shopping,1,0,16,30,17,29,46,9,21,30,0,0,0,0,2,2,0,2,2,1,0,0,0,0,0,0,4,0,0,0,0,0,1,2,4,0,1,0,4
Unfpa.org,1,138,51622,donation,0,0,4,11,7,8,15,6,5,11,0,0,0,-4,0,4,-4,0,4,1,0,0,0,0,4,0,0,0,0,0,0,0,0,0,4,0,0,0,4
Unmc.edu,1,140,249963,information,0,0,3,4,0,7,7,0,4,4,0,0,0,0,0,0,0,0,0,1,0,0,0,0,0,0,0,0,0,0,0,0,0,0,0,0,1,0,0
Acponline.org,1,143,423851,shopping,1,0,1,15,15,1,16,14,1,15,0,0,0,0,0,0,0,0,0,1,0,0,0,0,0,0,0,0,0,0,0,0,0,0,0,0,1,0,0
Hairlosstalk.com,1,144,392698,subscription and advertising,1,1,3,6,6,3,9,3,3,6,0,0,0,0,0,0,0,0,0,1,0,0,0,0,0,0,0,0,0,0,0,0,0,0,0,0,1,0,0
Ahrq.gov,1,145,510795,information,0,0,3,11,7,7,14,6,5,11,0,0,0,-1,0,1,-1,0,1,1,0,0,0,0,1,0,0,0,0,0,0,0,0,0,1,0,0,0,1
Sleepfoundation.org,1,146,393964,information,0,0,9,9,9,9,18,6,3,9,-1,0,1,2,2,0,1,2,1,1,1,0,0,0,0,0,2,0,0,0,1,1,0,2,2,1,1,1,3
Acog.org,1,147,425209,donation,1,0,5,19,15,9,24,12,7,19,0,0,0,0,0,0,0,0,0,1,0,0,0,0,0,0,0,0,0,0,0,0,0,0,0,0,1,0,0
Utmb.edu,1,148,224152,information,0,0,0,0,0,0,0,0,0,0,0,0,0,0,0,0,0,0,0,1,0,0,0,0,0,0,0,0,0,0,0,0,0,0,0,0,1,0,0
Mind.org.uk,1,149,446712,donation,0,0,4,9,10,3,13,8,1,9,0,0,0,0,0,0,0,0,0,1,0,0,0,0,0,0,0,0,0,0,0,0,0,0,0,0,1,0,0
Montgomerycountymd.gov,1,151,548833,information,0,0,5,7,5,7,12,4,3,7,0,0,0,0,0,0,0,0,0,1,0,0,0,0,0,0,0,0,0,0,0,0,0,0,0,0,1,0,0
Anxietycentre.com,1,153,260831,information,1,0,2,9,7,4,11,7,2,9,0,0,0,0,0,0,0,0,0,1,0,0,0,0,0,0,0,0,0,0,0,0,0,0,0,0,1,0,0
Mentalhealthamerica.net,1,155,472757,donation,1,0,7,14,13,8,21,8,6,14,-1,0,1,-1,0,1,-2,0,2,1,1,0,0,0,2,0,0,0,0,0,1,0,0,0,1,0,0,0,2
Allnurses.com,1,156,1569676,advertising,1,1,32,34,10,56,66,7,27,34,4,4,0,21,26,5,25,30,5,0,0,0,4,4,0,0,31,1,0,4,4,1,1,26,31,1,1,25,35
Endocrineweb.com,1,161,403473,advertising,1,1,29,25,13,41,54,8,17,25,3,3,0,8,13,5,11,16,5,0,0,0,3,3,0,0,18,1,0,3,3,1,1,13,18,1,1,11,21
Acc.org,1,162,399398,subscription,1,0,6,13,10,9,19,5,8,13,0,0,0,0,0,0,0,0,0,1,0,0,0,0,0,0,0,0,0,0,0,0,0,0,0,0,1,0,0
Sciencebasedmedicine.org,1,167,300228,donation,1,0,3,7,7,3,10,5,2,7,-1,0,1,0,0,0,-1,0,1,1,1,0,0,0,1,0,0,0,0,0,1,0,0,0,0,0,0,0,1
Score.org,1,168,391247,donation,1,0,7,16,10,23,33,7,9,16,0,0,0,0,0,0,0,0,0,1,0,0,0,0,0,0,0,0,0,0,0,0,0,0,0,0,1,0,0
Rarediseases.org,1,169,282567,donation,0,0,2,7,6,3,9,4,3,7,0,0,0,0,0,0,0,0,0,1,0,0,0,0,0,0,0,0,0,0,0,0,0,0,0,0,1,0,0
Midwestern.edu,1,170,300228,information,0,0,2,3,4,1,5,2,1,3,1,1,0,0,0,0,1,1,0,0,0,0,1,1,0,1,0,1,0,1,1,0,0,0,0,1,0,1,1
Vin.com,1,172,161661,information,1,0,1,4,2,4,6,2,2,4,0,0,0,0,0,0,0,0,0,1,0,0,0,0,0,0,0,0,0,0,0,0,0,0,0,0,1,0,0
Wakehealth.edu,1,174,213284,donation,0,0,10,12,16,6,22,8,4,12,0,0,0,0,0,0,0,0,0,1,0,0,0,0,0,0,0,0,0,0,0,0,0,0,0,0,1,0,0
Bannerhealth.com,1,175,403473,information,1,0,11,16,10,17,27,4,12,16,0,0,0,2,3,1,2,3,1,1,0,0,0,0,0,0,4,0,0,0,0,1,1,3,4,1,1,2,4
Dermnetnz.org,1,176,419775,advertising,0,1,30,22,12,40,52,7,15,22,1,1,0,6,10,4,7,11,4,0,0,0,1,1,0,0,14,1,0,1,1,1,1,10,14,1,1,7,15
Childrenshospital.org,1,179,354568,donation,1,0,6,10,8,8,16,6,4,10,0,0,0,0,0,0,0,0,0,1,0,0,0,0,0,0,0,0,0,0,0,0,0,0,0,0,1,0,0
Cincinnatichildrens.org,1,180,241812,donation,0,0,3,15,12,6,18,10,5,15,0,0,0,0,0,0,0,0,0,1,0,0,0,0,0,0,0,0,0,0,0,0,0,0,0,0,1,0,0
Cpsc.gov,1,181,436078,information,0,0,1,5,4,3,7,3,2,5,0,0,0,0,0,0,0,0,0,1,0,0,0,0,0,0,0,0,0,0,0,0,0,0,0,0,1,0,0
Dogfoodadvisor.com,1,183,855031,sponsoring,1,0,7,12,15,4,19,9,3,12,-1,0,1,0,0,0,-1,0,1,1,1,0,0,0,1,0,0,0,0,0,1,0,0,0,0,0,0,0,1
Kevinmd.com,1,185,472267,advertising,0,1,50,53,21,82,103,16,37,53,0,0,0,-5,10,15,-5,10,15,1,0,0,0,0,15,10,0,0,0,0,0,0,1,10,25,0,0,0,25
Avma.org,1,186,316530,information,1,0,0,6,4,2,6,4,2,6,0,0,0,1,1,0,1,1,0,1,0,0,0,0,0,1,1,0,0,0,0,1,0,1,1,1,0,1,1
Davita.com,1,187,361360,information,1,0,13,23,9,27,36,7,16,23,0,0,0,1,1,0,1,1,0,1,0,0,0,0,0,1,1,0,0,0,0,1,0,1,1,1,0,1,1
Downstate.edu,1,188,206491,information,0,0,2,2,3,1,4,1,1,2,0,0,0,0,0,0,0,0,0,1,0,0,0,0,0,0,0,0,0,0,0,0,0,0,0,0,1,0,0
Goldsgym.com,1,189,502644,information,0,0,12,21,12,21,33,9,12,21,-1,0,1,-1,1,2,-2,1,3,1,1,0,0,0,3,1,0,0,0,0,1,0,1,1,3,0,0,0,4
Dexcom.com,1,190,259473,shopping,0,0,6,31,11,26,37,10,21,31,-1,0,1,2,7,5,1,7,6,1,1,0,0,0,0,0,12,0,0,0,1,1,1,7,12,1,1,1,13
Epilepsy.com,1,192,370870,donation,1,0,2,13,13,2,15,11,2,13,1,1,0,0,0,0,1,1,0,0,0,0,1,1,0,1,0,1,0,1,1,0,0,0,0,1,0,1,1
Annals.org,1,194,263548,subscription and advertising,1,1,4,12,9,7,16,6,6,12,0,0,0,1,1,0,1,1,0,1,0,0,0,0,0,1,1,0,0,0,0,1,0,1,1,1,0,1,1
Seattlechildrens.org,1,196,347775,donation,0,0,5,10,9,6,15,6,4,10,0,0,0,0,0,0,0,0,0,1,0,0,0,0,0,0,0,0,0,0,0,0,0,0,0,0,1,0,0
Chemocare.com,1,197,144000,information,0,0,3,5,3,5,8,3,2,5,0,0,0,0,0,0,0,0,0,1,0,0,0,0,0,0,0,0,0,0,0,0,0,0,0,0,1,0,0
Ucsfhealth.org,1,200,381737,information,0,0,4,8,9,3,12,7,1,8,0,0,0,0,0,0,0,0,0,1,0,0,0,0,0,0,0,0,0,0,0,0,0,0,0,0,1,0,0
Apta.org,1,202,411625,subscription and advertising,1,1,7,18,12,13,25,11,7,18,-1,0,1,0,0,0,-1,0,1,1,1,0,0,0,1,0,0,0,0,0,1,0,0,0,0,0,0,0,1
Montefiore.org,1,204,252680,donation,0,0,4,11,9,6,15,6,5,11,0,0,0,-1,0,1,-1,0,1,1,0,0,0,0,1,0,0,0,0,0,0,0,0,0,1,0,0,0,1
Westernu.edu,1,205,239095,information,0,0,4,2,4,2,6,1,1,2,0,0,0,0,0,0,0,0,0,1,0,0,0,0,0,0,0,0,0,0,0,0,0,0,0,0,1,0,0
Allinahealth.org,1,206,366794,donation,1,0,6,11,8,9,17,4,7,11,0,0,0,0,0,0,0,0,0,1,0,0,0,0,0,0,0,0,0,0,0,0,0,0,0,0,1,0,0
Osteopathic.org,1,207,355926,subscription,1,0,5,15,5,15,20,5,10,15,-2,0,2,0,0,0,-2,0,2,1,2,0,0,0,2,0,0,0,0,0,2,0,0,0,0,0,0,0,2
Rch.org.au,1,208,99170,information,0,0,0,6,2,4,6,2,4,6,0,0,0,0,0,0,0,0,0,1,0,0,0,0,0,0,0,0,0,0,0,0,0,0,0,0,1,0,0
Menshealth.co.uk,1,210,604531,advertising,0,1,7,6,7,6,13,2,4,6,0,0,0,0,0,0,0,0,0,1,0,0,0,0,0,0,0,0,0,0,0,0,0,0,0,0,1,0,0
Advocatehealth.com,1,211,336907,information,1,0,8,10,9,9,18,5,5,10,0,0,0,0,0,0,0,0,0,1,0,0,0,0,0,0,0,0,0,0,0,0,0,0,0,0,1,0,0
Ouhsc.edu,1,212,115472,information,0,0,1,1,2,0,2,1,0,1,0,0,0,0,0,0,0,0,0,1,0,0,0,0,0,0,0,0,0,0,0,0,0,0,0,0,1,0,0
Aplaceformom.com,1,213,429285,information,0,0,4,7,10,1,11,6,1,7,0,0,0,0,0,0,0,0,0,1,0,0,0,0,0,0,0,0,0,0,0,0,0,0,0,0,1,0,0
Consumerlab.com,1,214,373587,subscription,1,0,4,11,6,9,15,5,6,11,1,1,0,1,1,0,2,2,0,0,0,0,1,1,0,2,1,1,0,1,1,1,0,1,1,1,0,2,2
Mindful.org,1,220,244530,subscription and donation,1,0,6,10,7,9,16,5,5,10,-1,0,1,0,0,0,-1,0,1,1,1,0,0,0,1,0,0,0,0,0,1,0,0,0,0,0,0,0,1
Diabetesdaily.com,1,222,316530,advertising,1,1,13,27,10,30,40,8,19,27,1,1,0,4,5,1,5,6,1,0,0,0,1,1,0,0,6,1,0,1,1,1,1,5,6,1,1,5,7
Texaschildrens.org,1,227,177963,subscription and donation,1,0,12,16,10,18,28,6,10,16,0,0,0,0,0,0,0,0,0,1,0,0,0,0,0,0,0,0,0,0,0,0,0,0,0,0,1,0,0
Acr.org,1,228,187472,subscription and donation,1,0,5,9,6,8,14,5,4,9,0,0,0,0,0,0,0,0,0,1,0,0,0,0,0,0,0,0,0,0,0,0,0,0,0,0,1,0,0
Hss.edu,1,229,290718,information,0,0,6,14,6,14,20,3,11,14,0,0,0,1,1,0,1,1,0,1,0,0,0,0,0,1,1,0,0,0,0,1,0,1,1,1,0,1,1
Cedars-sinai.edu,1,232,236378,donation,1,0,12,14,11,15,26,7,7,14,0,0,0,0,0,0,0,0,0,1,0,0,0,0,0,0,0,0,0,0,0,0,0,0,0,0,1,0,0
Atkins.com,1,234,323322,shopping,1,0,16,35,13,38,51,11,24,35,0,0,0,-4,1,5,-4,1,5,1,0,0,0,0,5,1,0,0,0,0,0,0,1,1,6,0,0,0,6
Facs.org,1,235,290718,donation,1,0,4,9,10,3,13,8,1,9,0,0,0,0,0,0,0,0,0,1,0,0,0,0,0,0,0,0,0,0,0,0,0,0,0,0,1,0,0
Plasticsurgery.org,1,236,239095,subscription,1,0,7,22,15,14,29,13,9,22,-2,0,2,0,0,0,-2,0,2,1,2,0,0,0,2,0,0,0,0,0,2,0,0,0,0,0,0,0,2
Ihi.org,1,237,260831,information,1,0,7,17,9,15,24,9,8,17,0,0,0,-1,0,1,-1,0,1,1,0,0,0,0,1,0,0,0,0,0,0,0,0,0,1,0,0,0,1
Texashealth.org,1,238,243171,information,1,0,4,9,8,5,13,5,4,9,0,0,0,0,0,0,0,0,0,1,0,0,0,0,0,0,0,0,0,0,0,0,0,0,0,0,1,0,0
Uchospitals.edu,1,239,182038,information,1,0,9,13,10,12,22,6,7,13,0,0,0,0,0,0,0,0,0,1,0,0,0,0,0,0,0,0,0,0,0,0,0,0,0,0,1,0,0
Nursingworld.org,1,240,275775,information,1,0,13,27,13,27,40,11,16,27,-1,0,1,1,1,0,0,1,1,1,1,0,0,0,0,0,1,0,0,0,1,1,0,1,1,0,1,0,2
Macmillan.org.uk,1,244,277343,donation,1,0,4,11,8,7,15,7,4,11,0,0,0,0,0,0,0,0,0,1,0,0,0,0,0,0,0,0,0,0,0,0,0,0,0,0,1,0,0
Brighamandwomens.org,1,245,278492,information,0,0,4,10,6,8,14,4,6,10,0,0,0,0,0,0,0,0,0,1,0,0,0,0,0,0,0,0,0,0,0,0,0,0,0,0,1,0,0
Iarc.fr,1,248,52981,information,0,0,0,2,1,1,2,1,1,2,-1,0,1,-1,0,1,-2,0,2,1,1,0,0,0,2,0,0,0,0,0,1,0,0,0,1,0,0,0,2
Beautyheaven.com.au,1,250,114113,advertising and shopping,1,1,20,25,11,34,45,8,17,25,0,0,0,0,3,3,0,3,3,1,0,0,0,0,0,0,6,0,0,0,0,0,1,3,6,0,1,0,6
Drinkaware.co.uk,1,251,114113,information,1,0,7,14,13,8,21,8,6,14,1,1,0,1,1,0,2,2,0,0,0,0,1,1,0,2,1,1,0,1,1,1,0,1,1,1,0,2,2
Atsu.edu,1,255,153510,information,1,0,1,13,9,5,14,8,5,13,0,0,0,0,0,0,0,0,0,1,0,0,0,0,0,0,0,0,0,0,0,0,0,0,0,0,1,0,0
Ghs.org,1,257,123623,information,0,0,16,25,19,22,41,13,12,25,0,0,0,-3,3,6,-3,3,6,1,0,0,0,0,6,3,0,0,0,0,0,0,1,3,9,0,0,0,9
Lesmills.com,1,259,108679,shopping,1,0,4,13,10,7,17,8,5,13,1,1,0,2,2,0,3,3,0,0,0,0,1,1,0,3,2,1,0,1,1,1,0,2,2,1,0,3,3
Sentara.com,1,260,172529,information,1,0,2,12,10,4,14,8,4,12,0,0,0,0,0,0,0,0,0,1,0,0,0,0,0,0,0,0,0,0,0,0,0,0,0,0,1,0,0
Counseling.org,1,269,172529,"subscription, donation and advertising",1,1,6,25,14,17,31,13,12,25,0,0,0,-8,0,8,-8,0,8,1,0,0,0,0,8,0,0,0,0,0,0,0,0,0,8,0,0,0,8
Chestnet.org,1,270,112755,subscription,1,0,13,26,11,28,39,9,17,26,-1,0,1,0,0,0,-1,0,1,1,1,0,0,0,1,0,0,0,0,0,1,0,0,0,0,0,0,0,1
Auntminnie.com,1,272,69283,advertising,1,1,0,5,2,3,5,2,3,5,0,0,0,0,0,0,0,0,0,1,0,0,0,0,0,0,0,0,0,0,0,0,0,0,0,0,1,0,0
Ohiohealth.com,1,276,214642,information,1,0,5,11,9,7,16,5,6,11,0,0,0,0,0,0,0,0,0,1,0,0,0,0,0,0,0,0,0,0,0,0,0,0,0,0,1,0,0
Childrensnational.org,1,279,148076,information,0,0,7,19,11,15,26,9,10,19,0,0,0,-1,0,1,-1,0,1,1,0,0,0,0,1,0,0,0,0,0,0,0,0,0,1,0,0,0,1
Aa.org,1,284,163019,donation,1,0,3,2,4,1,5,1,1,2,0,0,0,0,0,0,0,0,0,1,0,0,0,0,0,0,0,0,0,0,0,0,0,0,0,0,1,0,0
Pegym.com,1,286,294794,advertising,0,1,3,7,7,4,11,5,2,7,-1,1,2,-1,1,2,-2,2,4,1,1,0,0,0,4,2,0,0,0,0,3,0,1,1,3,0,0,0,6
Uhhospitals.org,1,289,224152,information,0,0,3,12,8,7,15,8,4,12,0,0,0,0,0,0,0,0,0,1,0,0,0,0,0,0,0,0,0,0,0,0,0,0,0,0,1,0,0
Nationalmssociety.org,1,290,346417,donation,1,0,3,13,11,5,16,8,5,13,0,0,0,1,1,0,1,1,0,1,0,0,0,0,0,1,1,0,0,0,0,1,0,1,1,1,0,1,1
Aromaweb.com,1,291,54339,advertising,0,1,1,6,5,2,7,4,2,6,0,0,0,1,1,0,1,1,0,1,0,0,0,0,0,1,1,0,0,0,0,1,0,1,1,1,0,1,1
Patientfusion.com,1,292,282567,information,1,0,2,6,7,1,8,5,1,6,0,0,0,0,0,0,0,0,0,1,0,0,0,0,0,0,0,0,0,0,0,0,0,0,0,0,1,0,0
Ahima.org,1,296,173887,subscription,1,0,12,24,14,22,36,11,13,24,0,0,0,-3,0,3,-3,0,3,1,0,0,0,0,3,0,0,0,0,0,0,0,0,0,3,0,0,0,3
Bmc.org,1,297,199699,donation,0,0,4,12,7,9,16,6,6,12,0,0,0,0,0,0,0,0,0,1,0,0,0,0,0,0,0,0,0,0,0,0,0,0,0,0,1,0,0
Alzheimers.org.uk,1,305,59773,donation,0,0,6,22,8,20,28,6,16,22,1,1,0,4,4,0,5,5,0,0,0,0,1,1,0,5,4,1,0,1,1,1,0,4,4,1,0,5,5
Top10homeremedies.com,1,319,591017,subscription and advertising,1,1,15,9,7,17,24,3,6,9,0,0,0,7,9,2,7,9,2,1,0,0,0,0,0,0,11,0,0,0,0,1,1,9,11,1,1,7,11
Wrongplanet.net,1,322,105962,advertising,1,1,8,11,8,11,19,5,6,11,0,0,0,2,4,2,2,4,2,1,0,0,0,0,0,0,6,0,0,0,0,1,1,4,6,1,1,2,6
Doctorslounge.com,1,331,171171,advertising,1,1,9,10,8,11,19,4,6,10,0,0,0,2,2,0,2,2,0,1,0,0,0,0,0,2,2,0,0,0,0,1,0,2,2,1,0,2,2
Henryford.com,1,339,184755,information,0,0,13,23,12,24,36,6,17,23,0,0,0,1,2,1,1,2,1,1,0,0,0,0,0,0,3,0,0,0,0,1,1,2,3,1,1,1,3
Abim.org,1,347,99170,information,1,0,2,6,5,3,8,3,3,6,0,0,0,0,0,0,0,0,0,1,0,0,0,0,0,0,0,0,0,0,0,0,0,0,0,0,1,0,0
Dentalcare.com,1,348,74717,information,1,0,6,15,12,9,21,9,6,15,0,0,0,-2,0,2,-2,0,2,1,0,0,0,0,2,0,0,0,0,0,0,0,0,0,2,0,0,0,2
Emoryhealthcare.org,1,349,245888,information,0,0,4,12,8,8,16,6,6,12,0,0,0,0,0,0,0,0,0,1,0,0,0,0,0,0,0,0,0,0,0,0,0,0,0,0,1,0,0
Novanthealth.org,1,352,145359,information,0,0,4,13,7,10,17,6,7,13,0,0,0,0,0,0,0,0,0,1,0,0,0,0,0,0,0,0,0,0,0,0,0,0,0,0,1,0,0
Aurorahealthcare.org,1,354,260831,subscription,1,0,4,11,11,4,15,8,3,11,0,0,0,0,0,0,0,0,0,1,0,0,0,0,0,0,0,0,0,0,0,0,0,0,0,0,1,0,0
Petwave.com,1,355,224152,advertising,1,1,15,19,7,27,34,5,14,19,0,0,0,5,7,2,5,7,2,1,0,0,0,0,0,0,9,0,0,0,0,1,1,7,9,1,1,5,9
Westonaprice.org,1,358,133132,subscription and donation,1,0,2,4,4,2,6,2,2,4,0,0,0,0,0,0,0,0,0,1,0,0,0,0,0,0,0,0,0,0,0,0,0,0,0,0,1,0,0
Childrenscolorado.org,1,359,139925,information,1,0,6,9,9,6,15,5,4,9,0,0,0,0,0,0,0,0,0,1,0,0,0,0,0,0,0,0,0,0,0,0,0,0,0,0,1,0,0
Acaai.org,1,360,260831,information,0,0,4,14,7,11,18,4,10,14,-2,0,2,0,0,0,-2,0,2,1,2,0,0,0,2,0,0,0,0,0,2,0,0,0,0,0,0,0,2
Floridahospital.com,1,363,221435,information,1,0,6,8,5,9,14,4,4,8,0,0,0,0,0,0,0,0,0,1,0,0,0,0,0,0,0,0,0,0,0,0,0,0,0,0,1,0,0
Ecommunity.com,1,365,137208,information,1,0,3,11,9,5,14,8,3,11,0,0,0,0,0,0,0,0,0,1,0,0,0,0,0,0,0,0,0,0,0,0,0,0,0,0,1,0,0
Spring.org.uk,1,366,150793,advertising,0,1,59,67,14,112,126,10,57,67,0,0,0,5,16,11,5,16,11,1,0,0,0,0,0,0,27,0,0,0,0,1,1,16,27,1,1,5,27
Stevepavlina.com,1,370,99170,subscription,1,0,2,5,7,0,7,5,0,5,0,0,0,0,0,0,0,0,0,1,0,0,0,0,0,0,0,0,0,0,0,0,0,0,0,0,1,0,0
Zerotothree.org,1,374,112755,information,1,0,3,11,9,5,14,6,5,11,0,0,0,0,0,0,0,0,0,1,0,0,0,0,0,0,0,0,0,0,0,0,0,0,0,0,1,0,0
Beaumont.edu,1,377,89660,information,0,0,7,16,12,11,23,7,9,16,0,0,0,-3,0,3,-3,0,3,1,0,0,0,0,3,0,0,0,0,0,0,0,0,0,3,0,0,0,3
Nationaleczema.org,1,382,152151,donation,0,0,2,3,4,1,5,2,1,3,0,0,0,0,0,0,0,0,0,1,0,0,0,0,0,0,0,0,0,0,0,0,0,0,0,0,1,0,0
Marchofdimes.org,1,391,145359,donation,1,0,9,21,17,13,30,12,9,21,0,0,0,-2,1,3,-2,1,3,1,0,0,0,0,3,1,0,0,0,0,0,0,1,1,4,0,0,0,4
Landmarkworldwide.com,1,392,103245,information,1,0,7,14,10,11,21,3,11,14,0,0,0,-1,0,1,-1,0,1,1,0,0,0,0,1,0,0,0,0,0,0,0,0,0,1,0,0,0,1
Thehorse.com,1,396,108679,advertising,1,1,8,10,10,8,18,7,3,10,-1,0,1,2,3,1,1,3,2,1,1,0,0,0,0,0,4,0,0,0,1,1,1,3,4,1,1,1,5
Himss.org,1,401,168453,information,1,0,9,23,15,17,32,11,12,23,0,0,0,-1,0,1,-1,0,1,1,0,0,0,0,1,0,0,0,0,0,0,0,0,0,1,0,0,0,1
Virginiamason.org,1,402,149434,donation,0,0,11,22,10,23,33,7,15,22,0,0,0,1,1,0,1,1,0,1,0,0,0,0,0,1,1,0,0,0,0,1,0,1,1,1,0,1,1
Firerescue1.com,1,407,165736,advertising,1,1,11,14,16,9,25,11,3,14,0,0,0,0,0,0,0,0,0,1,0,0,0,0,0,0,0,0,0,0,0,0,0,0,0,0,1,0,0
Jonbarron.org,1,411,112755,information,0,0,6,6,8,4,12,3,3,6,0,0,0,0,0,0,0,0,0,1,0,0,0,0,0,0,0,0,0,0,0,0,0,0,0,0,1,0,0
Aofas.org,1,412,144000,information,1,0,4,3,4,3,7,2,1,3,0,0,0,0,0,0,0,0,0,1,0,0,0,0,0,0,0,0,0,0,0,0,0,0,0,0,1,0,0
Alsa.org,1,418,137208,donation,1,0,8,9,14,3,17,8,1,9,0,0,0,0,0,0,0,0,0,1,0,0,0,0,0,0,0,0,0,0,0,0,0,0,0,0,1,0,0
Bastyr.edu,1,422,55698,information,0,0,17,13,12,18,30,6,7,13,0,0,0,2,3,1,2,3,1,1,0,0,0,0,0,0,4,0,0,0,0,1,1,3,4,1,1,2,4
Sermo.com,1,426,76075,information,1,0,5,14,9,10,19,6,8,14,0,0,0,0,0,0,0,0,0,1,0,0,0,0,0,0,0,0,0,0,0,0,0,0,0,0,1,0,0
Gi.org,1,429,137208,information,1,0,5,6,9,2,11,4,2,6,1,1,0,0,0,0,1,1,0,0,0,0,1,1,0,1,0,1,0,1,1,0,0,0,0,1,0,1,1
Tut.com,1,434,63849,subscription,1,0,2,5,5,2,7,3,2,5,0,0,0,0,0,0,0,0,0,1,0,0,0,0,0,0,0,0,0,0,0,0,0,0,0,0,1,0,0
